{"cameraMode":{"drawMode":0,"name":"Shaded","section":"Shading Mode"},"sceneLighting":true,"audioPlay":false,"sceneViewState":{"m_AlwaysRefresh":false,"showFog":true,"showSkybox":true,"showFlares":true,"showImageEffects":true,"showParticleSystems":true,"showVisualEffectGraphs":true,"m_FxEnabled":true},"in2DMode":false,"pivot":{"x":-6.757054328918457,"y":1.8822381496429444,"z":-0.7214541435241699},"rotation":{"x":0.10920632630586624,"y":-0.6908135414123535,"z":0.10674537718296051,"w":0.7067357897758484},"size":11.710126876831055,"orthographic":false}